K,Mean_RMSE,Std_RMSE,Mean_CPU,Std_CPU
1,0.995545,0.002694,4.889744,0.177917
2,0.988327,0.002749,4.871009,0.063614
4,0.978189,0.002659,4.846122,0.050430
8,0.971660,0.002703,4.896505,0.053302
16,0.969633,0.002711,4.868599,0.062304
32,0.972970,0.002649,4.840961,0.032804
64,0.979983,0.002408,4.829511,0.009406
128,0.986105,0.002531,4.906160,0.040117
256,0.990499,0.002680,5.051331,0.017370
